Metric,Value
mAP IoU=0.5:0.95,0.5067811014441271
mAP IoU=0.5,0.6554082960451022
mAP IoU=0.75,0.5588998926740525
mAP small,0.0
mAP medium,0.1413861386138614
mAP large,0.5247035521940873
AR max=1,0.6156814851001464
AR max=10,0.6861504640937958
AR max=100,0.6999755740107474
AR small,0.0
AR medium,0.2333333333333333
AR large,0.7198303287380698
F1@IoU=0.5,0.6826918040869004
